Model,Accuracy,Precision,Recall,F1
SVM,0.6908396946564885,0.78,0.7090909090909091,0.7428571428571429
Logistic Regression,0.7022900763358778,0.7636363636363637,0.7636363636363637,0.7636363636363637
