Model,Accuracy,Precision,Recall,F1
XGBoost,0.7089552238805971,0.7444444444444445,0.8072289156626506,0.7745664739884393
Gradient Boosting,0.7126865671641791,0.7458563535911602,0.8132530120481928,0.7780979827089337
SVM,0.6529850746268657,0.7482993197278912,0.6626506024096386,0.7028753993610224
Random Forest,0.6902985074626866,0.7643312101910829,0.7228915662650602,0.7430340557275542
Logistic Regression,0.6791044776119403,0.7197802197802198,0.7891566265060241,0.7528735632183908
