Model,Accuracy,Precision,Recall,F1
XGBoost,0.6865671641791045,0.7277777777777777,0.7891566265060241,0.7572254335260116
Gradient Boosting,0.7126865671641791,0.7458563535911602,0.8132530120481928,0.7780979827089337
SVM,0.6604477611940298,0.7586206896551724,0.6626506024096386,0.707395498392283
