Model,Accuracy,Precision,Recall,F1
SVM,0.6908396946564885,0.7837837837837838,0.703030303030303,0.7412140575079872
Logistic Regression,0.7022900763358778,0.7636363636363637,0.7636363636363637,0.7636363636363637
