Model,Accuracy,Precision,Recall,F1
Gradient Boosting,0.7052238805970149,0.7351351351351352,0.8192771084337349,0.7749287749287749
