Model,Accuracy,Precision,Recall,F1,AUC
Logistic Regression,0.6753731343283582,0.7135135135135136,0.7951807228915663,0.7521367521367521,0.7170446491849752
