Model,Accuracy,Precision,Recall,F1
XGBoost,0.7014925373134329,0.7415730337078652,0.7951807228915663,0.7674418604651163
